Workbook

Sheet City-Category Data
A1: city | B1: category | C1: bookings_count | D1: revenue_inr | E1: sla_breaches | F1: min_price_inr | G1: max_price_inr
A2: Bengaluru | B2: AC Repair & Service | C2: 40 | D2: 61229 | E2: 7 | F2: =VLOOKUP(B2, 'Category Reference'!$A$2:$C$7, 2, FALSE) | G2: =VLOOKUP(B2, 'Category Reference'!$A$2:$C$7, 3, FALSE)
A3: Bengaluru | B3: Deep Home Cleaning | C3: 18 | D3: 49592 | E3: 2 | F3: =VLOOKUP(B3, 'Category Reference'!$A$2:$C$7, 2, FALSE) | G3: =VLOOKUP(B3, 'Category Reference'!$A$2:$C$7, 3, FALSE)
A4: Bengaluru | B4: Electrical Repair | C4: 19 | D4: 23082 | E4: 3 | F4: =VLOOKUP(B4, 'Category Reference'!$A$2:$C$7, 2, FALSE) | G4: =VLOOKUP(B4, 'Category Reference'!$A$2:$C$7, 3, FALSE)
A5: Bengaluru | B5: Salon for Men | C5: 14 | D5: 13565 | E5: 3 | F5: =VLOOKUP(B5, 'Category Reference'!$A$2:$C$7, 2, FALSE) | G5: =VLOOKUP(B5, 'Category Reference'!$A$2:$C$7, 3, FALSE)
A6: Bengaluru | B6: Salon for Women | C6: 16 | D6: 32367 | E6: 2 | F6: =VLOOKUP(B6, 'Category Reference'!$A$2:$C$7, 2, FALSE) | G6: =VLOOKUP(B6, 'Category Reference'!$A$2:$C$7, 3, FALSE)
A7: Chennai | B7: Deep Home Cleaning | C7: 37 | D7: 109499 | E7: 5 | F7: =VLOOKUP(B7, 'Category Reference'!$A$2:$C$7, 2, FALSE) | G7: =VLOOKUP(B7, 'Category Reference'!$A$2:$C$7, 3, FALSE)
A8: Chennai | B8: Electrical Repair | C8: 13 | D8: 13044 | E8: 1 | F8: =VLOOKUP(B8, 'Category Reference'!$A$2:$C$7, 2, FALSE) | G8: =VLOOKUP(B8, 'Category Reference'!$A$2:$C$7, 3, FALSE)
A9: Chennai | B9: Plumbing | C9: 63 | D9: 53029 | E9: 9 | F9: =VLOOKUP(B9, 'Category Reference'!$A$2:$C$7, 2, FALSE) | G9: =VLOOKUP(B9, 'Category Reference'!$A$2:$C$7, 3, FALSE)
A10: Delhi NCR | B10: AC Repair & Service | C10: 14 | D10: 22760 | E10: 0 | F10: =VLOOKUP(B10, 'Category Reference'!$A$2:$C$7, 2, FALSE) | G10: =VLOOKUP(B10, 'Category Reference'!$A$2:$C$7, 3, FALSE)
A11: Delhi NCR | B11: Deep Home Cleaning | C11: 25 | D11: 63041 | E11: 0 | F11: =VLOOKUP(B11, 'Category Reference'!$A$2:$C$7, 2, FALSE) | G11: =VLOOKUP(B11, 'Category Reference'!$A$2:$C$7, 3, FALSE)
A12: Delhi NCR | B12: Electrical Repair | C12: 12 | D12: 12585 | E12: 1 | F12: =VLOOKUP(B12, 'Category Reference'!$A$2:$C$7, 2, FALSE) | G12: =VLOOKUP(B12, 'Category Reference'!$A$2:$C$7, 3, FALSE)
A13: Delhi NCR | B13: Plumbing | C13: 19 | D13: 16065 | E13: 3 | F13: =VLOOKUP(B13, 'Category Reference'!$A$2:$C$7, 2, FALSE) | G13: =VLOOKUP(B13, 'Category Reference'!$A$2:$C$7, 3, FALSE)
... A28: Pune | B28: Salon for Women | C28: 24 | D28: 62672 | E28: 1 | F28: =VLOOKUP(B28, 'Category Reference'!$A$2:$C$7, 2, FALSE) | G28: =VLOOKUP(B28, 'Category Reference'!$A$2:$C$7, 3, FALSE)

Sheet Category Reference
A1: category | B1: min_price_inr | C1: max_price_inr
A2: AC Repair & Service | B2: 499 | C2: 2499
A3: Salon for Women | B3: 699 | C3: 3499
A4: Salon for Men | B4: 349 | C4: 1499
A5: Deep Home Cleaning | B5: 999 | C5: 4999
A6: Plumbing | B6: 199 | C6: 1499
A7: Electrical Repair | B7: 199 | C7: 1999

Sheet KPI Summary
A1: city | B1: total_revenue | C1: total_sla_breaches | D1: city_category_count | E1: Part A SQL Total | F1: Matches Part A SQL total?
A2: Bengaluru | B2: =SUMIFS('City-Category Data'!$D$2:$D$28, 'City-Category Data'!$A$2:$A$28, "Bengaluru") | C2: =SUMIFS('City-Category Data'!$E$2:$E$28, 'City-Category Data'!$A$2:$A$28, "Bengaluru") | D2: =COUNTIFS('City-Category Data'!$A$2:$A$28, "Bengaluru") | E2: 179835 | F2: =IF(B2=E2, "Yes", "No")
A3: Chennai | B3: =SUMIFS('City-Category Data'!$D$2:$D$28, 'City-Category Data'!$A$2:$A$28, "Chennai") | C3: =SUMIFS('City-Category Data'!$E$2:$E$28, 'City-Category Data'!$A$2:$A$28, "Chennai") | D3: =COUNTIFS('City-Category Data'!$A$2:$A$28, "Chennai") | E3: 175572 | F3: =IF(B3=E3, "Yes", "No")
A4: Delhi NCR | B4: =SUMIFS('City-Category Data'!$D$2:$D$28, 'City-Category Data'!$A$2:$A$28, "Delhi NCR") | C4: =SUMIFS('City-Category Data'!$E$2:$E$28, 'City-Category Data'!$A$2:$A$28, "Delhi NCR") | D4: =COUNTIFS('City-Category Data'!$A$2:$A$28, "Delhi NCR") | E4: 140771 | F4: =IF(B4=E4, "Yes", "No")
A5: Hyderabad | B5: =SUMIFS('City-Category Data'!$D$2:$D$28, 'City-Category Data'!$A$2:$A$28, "Hyderabad") | C5: =SUMIFS('City-Category Data'!$E$2:$E$28, 'City-Category Data'!$A$2:$A$28, "Hyderabad") | D5: =COUNTIFS('City-Category Data'!$A$2:$A$28, "Hyderabad") | E5: 171638 | F5: =IF(B5=E5, "Yes", "No")
A6: Mumbai | B6: =SUMIFS('City-Category Data'!$D$2:$D$28, 'City-Category Data'!$A$2:$A$28, "Mumbai") | C6: =SUMIFS('City-Category Data'!$E$2:$E$28, 'City-Category Data'!$A$2:$A$28, "Mumbai") | D6: =COUNTIFS('City-Category Data'!$A$2:$A$28, "Mumbai") | E6: 151430 | F6: =IF(B6=E6, "Yes", "No")
A7: Pune | B7: =SUMIFS('City-Category Data'!$D$2:$D$28, 'City-Category Data'!$A$2:$A$28, "Pune") | C7: =SUMIFS('City-Category Data'!$E$2:$E$28, 'City-Category Data'!$A$2:$A$28, "Pune") | D7: =COUNTIFS('City-Category Data'!$A$2:$A$28, "Pune") | E7: 228727 | F7: =IF(B7=E7, "Yes", "No")
